Location,Name,Frequency,Duplex,Offset,Tone,rToneFreq,cToneFreq,DtcsCode,DtcsPolarity,RxDtcsCode,CrossMode,Mode,TStep,Skip,Comment,URCALL,RPT1CALL,RPT2CALL,DVCODE
1,UNICOM,122.700000,,0.000000,,88.5,88.5,023,NN,023,Tone->Tone,AM,25.00,,TJRV Ceiba / TJPS Mercedita UNICOM (freq generica 122.7),,,,
2,RVR TWR,120.025000,,0.000000,,88.5,88.5,023,NN,023,Tone->Tone,AM,25.00,,TJRV Ceiba Tower,,,,
3,RVR TWR UHF,227.125000,,0.000000,,88.5,88.5,023,NN,023,Tone->Tone,AM,25.00,,TJRV Ceiba Tower UHF,,,,
4,RVR APP/DEP,128.650000,,0.000000,,88.5,88.5,023,NN,023,Tone->Tone,AM,25.00,,San Juan CERAP El Yunque RCAG,,,,
5,RVR APP UHF,279.600000,,0.000000,,88.5,88.5,023,NN,023,Tone->Tone,AM,25.00,,San Juan CERAP El Yunque RCAG UHF,,,,
6,RVR CRASH,138.200000,,0.000000,,88.5,88.5,023,NN,023,Tone->Tone,AM,25.00,,Crash net,,,,
7,RVR GND VEH,140.037500,,0.000000,,88.5,88.5,023,NN,023,Tone->Tone,AM,25.00,,Ground vehicles,,,,
8,BQN CTAF/TWR,124.950000,,0.000000,,88.5,88.5,023,NN,023,Tone->Tone,AM,25.00,,Aguadilla Tower/CTAF,,,,
9,BQN ATIS,118.325000,,0.000000,,88.5,88.5,023,NN,023,Tone->Tone,AM,25.00,,Aguadilla ATIS/AWOS-3PT,,,,
10,BQN GND/CD,120.875000,,0.000000,,88.5,88.5,023,NN,023,Tone->Tone,AM,25.00,,Aguadilla Ground/Clearance,,,,
11,BQN EMERG,243.000000,,0.000000,,88.5,88.5,023,NN,023,Tone->Tone,AM,25.00,,Aguadilla Emergency UHF,,,,
12,BQN OPS,345.000000,,0.000000,,88.5,88.5,023,NN,023,Tone->Tone,AM,25.00,,Aguadilla Ops UHF,,,,
13,BQN APP/DEP,124.350000,,0.000000,,88.5,88.5,023,NN,023,Tone->Tone,AM,25.00,,San Juan CERAP Borinquen RCAG,,,,
14,BQN APP UHF,269.350000,,0.000000,,88.5,88.5,023,NN,023,Tone->Tone,AM,25.00,,San Juan CERAP Borinquen RCAG UHF,,,,
15,PSE AWOS,118.400000,,0.000000,,88.5,88.5,023,NN,023,Tone->Tone,AM,25.00,,Mercedita AWOS-3PT,,,,
16,PSE APP/DEP,118.750000,,0.000000,,88.5,88.5,023,NN,023,Tone->Tone,AM,25.00,,San Juan CERAP El Yunque RCAG,,,,
17,PSE APP UHF,269.000000,,0.000000,,88.5,88.5,023,NN,023,Tone->Tone,AM,25.00,,San Juan CERAP El Yunque RCAG UHF,,,,
18,PSE CD,121.900000,,0.000000,,88.5,88.5,023,NN,023,Tone->Tone,AM,25.00,,Mercedita Clearance Delivery,,,,
19,SJU UNICOM,123.000000,,0.000000,,88.5,88.5,023,NN,023,Tone->Tone,AM,25.00,,SJU UNICOM,,,,
20,SJU GND,121.900000,,0.000000,,88.5,88.5,023,NN,023,Tone->Tone,AM,25.00,,SJU Ground,,,,
21,SJU GND UHF,348.600000,,0.000000,,88.5,88.5,023,NN,023,Tone->Tone,AM,25.00,,SJU Ground UHF,,,,
22,SJU TWR,132.050000,,0.000000,,88.5,88.5,023,NN,023,Tone->Tone,AM,25.00,,SJU Tower,,,,
23,SJU TWR UHF,257.800000,,0.000000,,88.5,88.5,023,NN,023,Tone->Tone,AM,25.00,,SJU Tower UHF,,,,
24,SJU APP W/SW,119.400000,,0.000000,,88.5,88.5,023,NN,023,Tone->Tone,AM,25.00,,SJU Approach/Dep West-SW,,,,
25,SJU APP N/E,120.900000,,0.000000,,88.5,88.5,023,NN,023,Tone->Tone,AM,25.00,,SJU Approach/Dep North-East,,,,
26,SJU AP UHF W,269.200000,,0.000000,,88.5,88.5,023,NN,023,Tone->Tone,AM,25.00,,SJU Approach/Dep UHF West-SW,,,,
27,SJU AP UHFNE,290.200000,,0.000000,,88.5,88.5,023,NN,023,Tone->Tone,AM,25.00,,SJU Approach/Dep UHF North-East,,,,
28,SJU CD,126.400000,,0.000000,,88.5,88.5,023,NN,023,Tone->Tone,AM,25.00,,SJU Clearance Delivery,,,,
29,SJU CD UHF,284.600000,,0.000000,,88.5,88.5,023,NN,023,Tone->Tone,AM,25.00,,SJU Clearance Delivery UHF,,,,
30,SJU D-ATIS,125.800000,,0.000000,,88.5,88.5,023,NN,023,Tone->Tone,AM,25.00,,SJU D-ATIS,,,,
31,SJU EMERG,121.500000,,0.000000,,88.5,88.5,023,NN,023,Tone->Tone,AM,25.00,,SJU Emergency (Guard),,,,
32,SJU CMD POST,235.000000,,0.000000,,88.5,88.5,023,NN,023,Tone->Tone,AM,25.00,,SJU PRANG Command Post,,,,
33,SIG CTAF/TWR,135.875000,,0.000000,,88.5,88.5,023,NN,023,Tone->Tone,AM,25.00,,Isla Grande CTAF/Tower,,,,
34,SIG ATIS,120.400000,,0.000000,,88.5,88.5,023,NN,023,Tone->Tone,AM,25.00,,Isla Grande ATIS,,,,
35,SIG GND,121.700000,,0.000000,,88.5,88.5,023,NN,023,Tone->Tone,AM,25.00,,Isla Grande Ground,,,,
36,SIG TWR UHF,298.850000,,0.000000,,88.5,88.5,023,NN,023,Tone->Tone,AM,25.00,,Isla Grande Tower UHF,,,,
37,SIG ARNG OPS,139.100000,,0.000000,,88.5,88.5,023,NN,023,Tone->Tone,AM,25.00,,ARNG Ops VHF,,,,
38,SIG ARNG UHF,242.400000,,0.000000,,88.5,88.5,023,NN,023,Tone->Tone,AM,25.00,,ARNG Ops UHF,,,,
39,SIG ARNG FM,40.200000,,0.000000,,88.5,88.5,023,NN,023,Tone->Tone,FM,25.00,,ARNG Ops Low-VHF FM,,,,
40,SJU RDO,122.200000,,0.000000,,88.5,88.5,023,NN,023,Tone->Tone,AM,25.00,,San Juan Radio (FSS) - confirmado FAA,,,,
